fare_amount,prediction
2.5,3.1502071026282144
2.5,3.1502071026282144
2.5,3.1502071026282144
2.5,3.1502071026282144
2.5,3.1502071026282144
2.5,3.1502071026282144
2.5,3.1502071026282144
2.5,3.1502071026282144
2.5,3.1502071026282144
2.5,3.1502071026282144
2.5,3.1502071026282144
2.5,3.1502071026282144
2.5,3.1502071026282144
2.5,3.1502071026282144
2.5,3.1502071026282144
2.5,3.1502071026282144
2.5,3.1502071026282144
2.5,3.1502071026282144
2.5,3.1502071026282144
2.5,3.1502071026282144
